model_family,config,dataset,attack,ASR_new,ASR_old,delta
gemma2,fft,HarmBench,ArtPrompt,16.00,15.25,0.75
gemma2,fft,JBB,ArtPrompt,5.00,15.00,-10.00
gemma2,fft,HarmBench,DeepInception,20.50,19.00,1.50
gemma2,fft,JBB,DeepInception,25.00,29.00,-4.00
gemma2,lora,HarmBench,ArtPrompt,20.25,16.75,3.50
gemma2,lora,JBB,ArtPrompt,15.00,15.00,0.00
gemma2,lora,HarmBench,DeepInception,19.75,17.00,2.75
gemma2,lora,JBB,DeepInception,28.00,28.00,0.00
gemma2,qlora,HarmBench,ArtPrompt,26.25,22.75,3.50
gemma2,qlora,JBB,ArtPrompt,13.00,29.00,-16.00
gemma2,qlora,HarmBench,DeepInception,17.75,18.25,-0.50
gemma2,qlora,JBB,DeepInception,26.00,36.00,-10.00
llama31,fft,HarmBench,ArtPrompt,16.50,17.50,-1.00
llama31,fft,JBB,ArtPrompt,10.00,9.00,1.00
llama31,fft,HarmBench,DeepInception,21.25,18.25,3.00
llama31,fft,JBB,DeepInception,32.00,21.00,11.00
llama31,lora,HarmBench,ArtPrompt,20.00,14.75,5.25
llama31,lora,JBB,ArtPrompt,8.00,11.00,-3.00
llama31,lora,HarmBench,DeepInception,22.00,13.25,8.75
llama31,lora,JBB,DeepInception,30.00,20.00,10.00
llama31,qlora,HarmBench,ArtPrompt,33.50,17.50,16.00
llama31,qlora,JBB,ArtPrompt,29.00,11.00,18.00
llama31,qlora,HarmBench,DeepInception,31.00,9.75,21.25
llama31,qlora,JBB,DeepInception,36.00,35.00,1.00
phi4,fft,HarmBench,ArtPrompt,33.00,25.75,7.25
phi4,fft,JBB,ArtPrompt,33.00,21.00,12.00
phi4,fft,HarmBench,DeepInception,2.25,7.25,-5.00
phi4,fft,JBB,DeepInception,1.00,9.00,-8.00
phi4,lora,HarmBench,ArtPrompt,32.00,20.50,11.50
phi4,lora,JBB,ArtPrompt,35.00,24.00,11.00
phi4,lora,HarmBench,DeepInception,2.00,7.00,-5.00
phi4,lora,JBB,DeepInception,0.00,8.00,-8.00
phi4,qlora,HarmBench,ArtPrompt,12.50,6.75,5.75
phi4,qlora,JBB,ArtPrompt,7.00,0.00,7.00
phi4,qlora,HarmBench,DeepInception,4.75,2.75,2.00
phi4,qlora,JBB,DeepInception,2.00,2.00,0.00
qwen25,fft,HarmBench,ArtPrompt,22.75,9.50,13.25
qwen25,fft,JBB,ArtPrompt,23.00,5.00,18.00
qwen25,fft,HarmBench,DeepInception,17.75,7.75,10.00
qwen25,fft,JBB,DeepInception,19.00,5.66,13.34
qwen25,lora,HarmBench,ArtPrompt,21.75,11.00,10.75
qwen25,lora,JBB,ArtPrompt,25.00,15.00,10.00
qwen25,lora,HarmBench,DeepInception,25.25,14.25,11.00
qwen25,lora,JBB,DeepInception,38.00,14.56,23.44
qwen25,qlora,HarmBench,ArtPrompt,20.25,11.75,8.50
qwen25,qlora,JBB,ArtPrompt,3.00,11.00,-8.00
qwen25,qlora,HarmBench,DeepInception,19.50,14.50,5.00
qwen25,qlora,JBB,DeepInception,19.00,16.00,3.00
qwen3,fft,HarmBench,ArtPrompt,9.00,1.75,7.25
qwen3,fft,JBB,ArtPrompt,4.00,0.00,4.00
qwen3,fft,HarmBench,DeepInception,24.50,12.50,12.00
qwen3,fft,JBB,DeepInception,34.00,13.00,21.00
qwen3,lora,HarmBench,ArtPrompt,11.25,6.75,4.50
qwen3,lora,JBB,ArtPrompt,10.00,1.00,9.00
qwen3,lora,HarmBench,DeepInception,12.25,7.75,4.50
qwen3,lora,JBB,DeepInception,26.00,13.00,13.00
qwen3,qlora,HarmBench,ArtPrompt,8.25,2.25,6.00
qwen3,qlora,JBB,ArtPrompt,1.00,1.00,0.00
qwen3,qlora,HarmBench,DeepInception,24.25,10.25,14.00
qwen3,qlora,JBB,DeepInception,11.00,22.00,-11.00
