model_family,attack,dataset,fft,lora,qlora,mean3,sd3
gemma2,ArtPrompt,HarmBench,0.75,3.5,3.5,2.58,1.59
gemma2,ArtPrompt,JBB,-10.0,0.0,-16.0,-8.67,8.08
gemma2,DeepInception,HarmBench,1.5,2.75,-0.5,1.25,1.64
gemma2,DeepInception,JBB,-4.0,0.0,-10.0,-4.67,5.03
llama31,ArtPrompt,HarmBench,-1.0,5.25,16.0,6.75,8.6
llama31,ArtPrompt,JBB,1.0,-3.0,18.0,5.33,11.15
llama31,DeepInception,HarmBench,3.0,8.75,21.25,11.0,9.33
llama31,DeepInception,JBB,11.0,10.0,1.0,7.33,5.51
qwen3,ArtPrompt,HarmBench,7.25,4.5,6.0,5.92,1.38
qwen3,ArtPrompt,JBB,4.0,9.0,0.0,4.33,4.51
qwen3,DeepInception,HarmBench,12.0,4.5,14.0,10.17,5.01
qwen3,DeepInception,JBB,21.0,13.0,-11.0,7.67,16.65
