pair,family,attack,dataset,asr_A,asr_B,diff
lora-fft,gemma2,ArtPrompt,HarmBench,20.250,16.000,4.250
lora-fft,gemma2,ArtPrompt,JBB,15.000,5.000,10.000
lora-fft,gemma2,DeepInception,HarmBench,19.750,20.500,-0.750
lora-fft,gemma2,DeepInception,JBB,28.000,25.000,3.000
lora-fft,llama31,ArtPrompt,HarmBench,20.000,16.500,3.500
lora-fft,llama31,ArtPrompt,JBB,8.000,10.000,-2.000
lora-fft,llama31,DeepInception,HarmBench,22.000,21.250,0.750
lora-fft,llama31,DeepInception,JBB,30.000,32.000,-2.000
lora-fft,phi4,ArtPrompt,HarmBench,32.000,33.000,-1.000
lora-fft,phi4,ArtPrompt,JBB,35.000,33.000,2.000
lora-fft,phi4,DeepInception,HarmBench,2.000,2.250,-0.250
lora-fft,phi4,DeepInception,JBB,0.000,1.000,-1.000
lora-fft,qwen25,ArtPrompt,HarmBench,21.750,22.750,-1.000
lora-fft,qwen25,ArtPrompt,JBB,25.000,23.000,2.000
lora-fft,qwen25,DeepInception,HarmBench,25.250,17.750,7.500
lora-fft,qwen25,DeepInception,JBB,38.000,19.000,19.000
lora-fft,qwen3,ArtPrompt,HarmBench,11.250,9.000,2.250
lora-fft,qwen3,ArtPrompt,JBB,10.000,4.000,6.000
lora-fft,qwen3,DeepInception,HarmBench,12.250,24.500,-12.250
lora-fft,qwen3,DeepInception,JBB,26.000,34.000,-8.000
qlora-fft,gemma2,ArtPrompt,HarmBench,26.250,16.000,10.250
qlora-fft,gemma2,ArtPrompt,JBB,13.000,5.000,8.000
qlora-fft,gemma2,DeepInception,HarmBench,17.750,20.500,-2.750
qlora-fft,gemma2,DeepInception,JBB,26.000,25.000,1.000
qlora-fft,llama31,ArtPrompt,HarmBench,33.500,16.500,17.000
qlora-fft,llama31,ArtPrompt,JBB,29.000,10.000,19.000
qlora-fft,llama31,DeepInception,HarmBench,31.000,21.250,9.750
qlora-fft,llama31,DeepInception,JBB,36.000,32.000,4.000
qlora-fft,phi4,ArtPrompt,HarmBench,12.500,33.000,-20.500
qlora-fft,phi4,ArtPrompt,JBB,7.000,33.000,-26.000
qlora-fft,phi4,DeepInception,HarmBench,4.750,2.250,2.500
qlora-fft,phi4,DeepInception,JBB,2.000,1.000,1.000
qlora-fft,qwen25,ArtPrompt,HarmBench,20.250,22.750,-2.500
qlora-fft,qwen25,ArtPrompt,JBB,3.000,23.000,-20.000
qlora-fft,qwen25,DeepInception,HarmBench,19.500,17.750,1.750
qlora-fft,qwen25,DeepInception,JBB,19.000,19.000,0.000
qlora-fft,qwen3,ArtPrompt,HarmBench,8.250,9.000,-0.750
qlora-fft,qwen3,ArtPrompt,JBB,1.000,4.000,-3.000
qlora-fft,qwen3,DeepInception,HarmBench,24.250,24.500,-0.250
qlora-fft,qwen3,DeepInception,JBB,11.000,34.000,-23.000
lora-qlora,gemma2,ArtPrompt,HarmBench,20.250,26.250,-6.000
lora-qlora,gemma2,ArtPrompt,JBB,15.000,13.000,2.000
lora-qlora,gemma2,DeepInception,HarmBench,19.750,17.750,2.000
lora-qlora,gemma2,DeepInception,JBB,28.000,26.000,2.000
lora-qlora,llama31,ArtPrompt,HarmBench,20.000,33.500,-13.500
lora-qlora,llama31,ArtPrompt,JBB,8.000,29.000,-21.000
lora-qlora,llama31,DeepInception,HarmBench,22.000,31.000,-9.000
lora-qlora,llama31,DeepInception,JBB,30.000,36.000,-6.000
lora-qlora,phi4,ArtPrompt,HarmBench,32.000,12.500,19.500
lora-qlora,phi4,ArtPrompt,JBB,35.000,7.000,28.000
lora-qlora,phi4,DeepInception,HarmBench,2.000,4.750,-2.750
lora-qlora,phi4,DeepInception,JBB,0.000,2.000,-2.000
lora-qlora,qwen25,ArtPrompt,HarmBench,21.750,20.250,1.500
lora-qlora,qwen25,ArtPrompt,JBB,25.000,3.000,22.000
lora-qlora,qwen25,DeepInception,HarmBench,25.250,19.500,5.750
lora-qlora,qwen25,DeepInception,JBB,38.000,19.000,19.000
lora-qlora,qwen3,ArtPrompt,HarmBench,11.250,8.250,3.000
lora-qlora,qwen3,ArtPrompt,JBB,10.000,1.000,9.000
lora-qlora,qwen3,DeepInception,HarmBench,12.250,24.250,-12.000
lora-qlora,qwen3,DeepInception,JBB,26.000,11.000,15.000
