pair,family,dataset,asr_A,asr_B,diff
lora-fft,gemma2,HarmBench,20.250,27.000,-6.750
lora-fft,gemma2,JBB,11.000,28.000,-17.000
lora-fft,llama31,HarmBench,24.250,22.500,1.750
lora-fft,llama31,JBB,9.000,14.000,-5.000
lora-fft,qwen3,HarmBench,16.250,15.000,1.250
lora-fft,qwen3,JBB,10.000,6.000,4.000
qlora-fft,gemma2,HarmBench,12.750,27.000,-14.250
qlora-fft,gemma2,JBB,3.000,28.000,-25.000
qlora-fft,llama31,HarmBench,21.000,22.500,-1.500
qlora-fft,llama31,JBB,10.000,14.000,-4.000
qlora-fft,qwen3,HarmBench,3.000,15.000,-12.000
qlora-fft,qwen3,JBB,0.000,6.000,-6.000
lora-qlora,gemma2,HarmBench,20.250,12.750,7.500
lora-qlora,gemma2,JBB,11.000,3.000,8.000
lora-qlora,llama31,HarmBench,24.250,21.000,3.250
lora-qlora,llama31,JBB,9.000,10.000,-1.000
lora-qlora,qwen3,HarmBench,16.250,3.000,13.250
lora-qlora,qwen3,JBB,10.000,0.000,10.000
