scope,family,pair,n,mean,sd,se,ci_lo,ci_hi,margin,p_tost,equivalent,wilcoxon_p
aggregate,ALL,lora-fft,30,0.6467,4.7694,0.8708,-1.0600,2.3534,3.0000,0.0057,True,0.7068
aggregate,ALL,lora-fft,30,0.6467,4.7694,0.8708,-1.0600,2.3534,5.0000,0.0000,True,0.7068
aggregate,ALL,qlora-fft,30,0.0447,8.7249,1.5929,-3.0775,3.1668,3.0000,0.0369,True,0.7786
aggregate,ALL,qlora-fft,30,0.0447,8.7249,1.5929,-3.0775,3.1668,5.0000,0.0021,True,0.7786
aggregate,ALL,lora-qlora,30,0.6020,7.9542,1.4522,-2.2444,3.4484,3.0000,0.0547,False,0.6829
aggregate,ALL,lora-qlora,30,0.6020,7.9542,1.4522,-2.2444,3.4484,5.0000,0.0026,True,0.6829
per-family,gemma2,lora-fft,6,-1.6667,2.3166,0.9458,-3.5203,0.1870,3.0000,0.1088,False,
per-family,gemma2,lora-fft,6,-1.6667,2.3166,0.9458,-3.5203,0.1870,5.0000,0.0084,True,
per-family,gemma2,qlora-fft,6,3.3333,7.3785,3.0122,-2.5707,9.2373,3.0000,0.5419,False,
per-family,gemma2,qlora-fft,6,3.3333,7.3785,3.0122,-2.5707,9.2373,5.0000,0.3019,False,
per-family,gemma2,lora-qlora,6,-5.0000,5.5340,2.2592,-9.4281,-0.5719,3.0000,0.7917,False,
per-family,gemma2,lora-qlora,6,-5.0000,5.5340,2.2592,-9.4281,-0.5719,5.0000,0.5000,False,
per-family,llama31,lora-fft,6,-1.4583,2.9934,1.2220,-3.8535,0.9369,3.0000,0.1314,False,
per-family,llama31,lora-fft,6,-1.4583,2.9934,1.2220,-3.8535,0.9369,5.0000,0.0169,True,
per-family,llama31,qlora-fft,6,2.8750,8.3093,3.3922,-3.7738,9.5238,3.0000,0.4860,False,
per-family,llama31,qlora-fft,6,2.8750,8.3093,3.3922,-3.7738,9.5238,5.0000,0.2793,False,
per-family,llama31,lora-qlora,6,-4.3333,6.6439,2.7124,-9.6496,0.9829,3.0000,0.6781,False,
per-family,llama31,lora-qlora,6,-4.3333,6.6439,2.7124,-9.6496,0.9829,5.0000,0.4078,False,
per-family,phi4,lora-fft,6,-0.9167,4.1130,1.6791,-4.2077,2.3744,3.0000,0.1349,False,
per-family,phi4,lora-fft,6,-0.9167,4.1130,1.6791,-4.2077,2.3744,5.0000,0.0296,True,
per-family,phi4,qlora-fft,6,-10.8750,7.2831,2.9733,-16.7027,-5.0473,3.0000,0.9772,False,
per-family,phi4,qlora-fft,6,-10.8750,7.2831,2.9733,-16.7027,-5.0473,5.0000,0.9474,False,
per-family,phi4,lora-qlora,6,9.9583,7.8699,3.2129,3.6611,16.2556,3.0000,0.9587,False,
per-family,phi4,lora-qlora,6,9.9583,7.8699,3.2129,3.6611,16.2556,5.0000,0.9083,False,
per-family,qwen25,lora-fft,6,6.9833,4.5631,1.8629,3.3321,10.6346,3.0000,0.9572,False,
per-family,qwen25,lora-fft,6,6.9833,4.5631,1.8629,3.3321,10.6346,5.0000,0.8321,False,
per-family,qwen25,qlora-fft,6,6.1400,3.5098,1.4329,3.3316,8.9484,3.0000,0.9600,False,
per-family,qwen25,qlora-fft,6,6.1400,3.5098,1.4329,3.3316,8.9484,5.0000,0.7688,False,
per-family,qwen25,lora-qlora,6,0.8433,2.3100,0.9431,-1.0051,2.6917,3.0000,0.0355,True,
per-family,qwen25,lora-qlora,6,0.8433,2.3100,0.9431,-1.0051,2.6917,5.0000,0.0035,True,
per-family,qwen3,lora-fft,6,0.2917,4.1061,1.6763,-2.9939,3.5773,3.0000,0.0835,False,
per-family,qwen3,lora-fft,6,0.2917,4.1061,1.6763,-2.9939,3.5773,5.0000,0.0188,True,
per-family,qwen3,qlora-fft,6,-1.2500,6.3561,2.5949,-6.3359,3.8359,3.0000,0.2650,False,
per-family,qwen3,qlora-fft,6,-1.2500,6.3561,2.5949,-6.3359,3.8359,5.0000,0.1040,False,
per-family,qwen3,lora-qlora,6,1.5417,7.2014,2.9400,-4.2207,7.3040,3.0000,0.3205,False,
per-family,qwen3,lora-qlora,6,1.5417,7.2014,2.9400,-4.2207,7.3040,5.0000,0.1462,False,
