family,attack,bench,src,dst,n_src,n_dst,both,transfer_rate,base_rate_dst
llama31,DeepInception,jbb,lora,qlora,30,36,20,0.6666666666666666,0.36
llama31,DeepInception,jbb,lora,fft,30,32,16,0.5333333333333333,0.32
llama31,DeepInception,jbb,qlora,lora,36,30,20,0.5555555555555556,0.3
llama31,DeepInception,jbb,qlora,fft,36,32,18,0.5,0.32
llama31,DeepInception,jbb,fft,lora,32,30,16,0.5,0.3
llama31,DeepInception,jbb,fft,qlora,32,36,18,0.5625,0.36
llama31,ArtPrompt,jbb,lora,qlora,8,29,3,0.375,0.29
llama31,ArtPrompt,jbb,lora,fft,8,10,0,0.0,0.1
llama31,ArtPrompt,jbb,qlora,lora,29,8,3,0.10344827586206896,0.08
llama31,ArtPrompt,jbb,qlora,fft,29,10,3,0.10344827586206896,0.1
llama31,ArtPrompt,jbb,fft,lora,10,8,0,0.0,0.08
llama31,ArtPrompt,jbb,fft,qlora,10,29,3,0.3,0.29
llama31,DeepInception,harmbench,lora,qlora,84,119,58,0.6904761904761905,0.30279898218829515
llama31,DeepInception,harmbench,lora,fft,84,84,43,0.5119047619047619,0.21374045801526717
llama31,DeepInception,harmbench,qlora,lora,119,84,58,0.48739495798319327,0.21374045801526717
llama31,DeepInception,harmbench,qlora,fft,119,84,46,0.3865546218487395,0.21374045801526717
llama31,DeepInception,harmbench,fft,lora,84,84,43,0.5119047619047619,0.21374045801526717
llama31,DeepInception,harmbench,fft,qlora,84,119,46,0.5476190476190477,0.30279898218829515
llama31,ArtPrompt,harmbench,lora,qlora,79,129,40,0.5063291139240507,0.3282442748091603
llama31,ArtPrompt,harmbench,lora,fft,79,65,39,0.4936708860759494,0.16539440203562342
llama31,ArtPrompt,harmbench,qlora,lora,129,79,40,0.31007751937984496,0.2010178117048346
llama31,ArtPrompt,harmbench,qlora,fft,129,65,47,0.3643410852713178,0.16539440203562342
llama31,ArtPrompt,harmbench,fft,lora,65,79,39,0.6,0.2010178117048346
llama31,ArtPrompt,harmbench,fft,qlora,65,129,47,0.7230769230769231,0.3282442748091603
gemma2,DeepInception,jbb,lora,qlora,28,26,17,0.6071428571428571,0.26
gemma2,DeepInception,jbb,lora,fft,28,25,11,0.39285714285714285,0.25
gemma2,DeepInception,jbb,qlora,lora,26,28,17,0.6538461538461539,0.28
gemma2,DeepInception,jbb,qlora,fft,26,25,12,0.46153846153846156,0.25
gemma2,DeepInception,jbb,fft,lora,25,28,11,0.44,0.28
gemma2,DeepInception,jbb,fft,qlora,25,26,12,0.48,0.26
gemma2,ArtPrompt,jbb,lora,qlora,15,13,5,0.3333333333333333,0.13
gemma2,ArtPrompt,jbb,lora,fft,15,5,2,0.13333333333333333,0.05
gemma2,ArtPrompt,jbb,qlora,lora,13,15,5,0.38461538461538464,0.15
gemma2,ArtPrompt,jbb,qlora,fft,13,5,2,0.15384615384615385,0.05
gemma2,ArtPrompt,jbb,fft,lora,5,15,2,0.4,0.15
gemma2,ArtPrompt,jbb,fft,qlora,5,13,2,0.4,0.13
gemma2,DeepInception,harmbench,lora,qlora,78,66,32,0.41025641025641024,0.16793893129770993
gemma2,DeepInception,harmbench,lora,fft,78,78,28,0.358974358974359,0.1984732824427481
gemma2,DeepInception,harmbench,qlora,lora,66,78,32,0.48484848484848486,0.1984732824427481
gemma2,DeepInception,harmbench,qlora,fft,66,78,24,0.36363636363636365,0.1984732824427481
gemma2,DeepInception,harmbench,fft,lora,78,78,28,0.358974358974359,0.1984732824427481
gemma2,DeepInception,harmbench,fft,qlora,78,66,24,0.3076923076923077,0.16793893129770993
gemma2,ArtPrompt,harmbench,lora,qlora,78,104,37,0.47435897435897434,0.26463104325699743
gemma2,ArtPrompt,harmbench,lora,fft,78,63,38,0.48717948717948717,0.16030534351145037
gemma2,ArtPrompt,harmbench,qlora,lora,104,78,37,0.3557692307692308,0.1984732824427481
gemma2,ArtPrompt,harmbench,qlora,fft,104,63,24,0.23076923076923078,0.16030534351145037
gemma2,ArtPrompt,harmbench,fft,lora,63,78,38,0.6031746031746031,0.1984732824427481
gemma2,ArtPrompt,harmbench,fft,qlora,63,104,24,0.38095238095238093,0.26463104325699743
qwen3,DeepInception,jbb,lora,qlora,26,11,5,0.19230769230769232,0.11
qwen3,DeepInception,jbb,lora,fft,26,34,17,0.6538461538461539,0.34
qwen3,DeepInception,jbb,qlora,lora,11,26,5,0.45454545454545453,0.26
qwen3,DeepInception,jbb,qlora,fft,11,34,7,0.6363636363636364,0.34
qwen3,DeepInception,jbb,fft,lora,34,26,17,0.5,0.26
qwen3,DeepInception,jbb,fft,qlora,34,11,7,0.20588235294117646,0.11
qwen3,ArtPrompt,jbb,lora,qlora,10,1,0,0.0,0.01
qwen3,ArtPrompt,jbb,lora,fft,10,4,2,0.2,0.04
qwen3,ArtPrompt,jbb,qlora,lora,1,10,0,0.0,0.1
qwen3,ArtPrompt,jbb,qlora,fft,1,4,0,0.0,0.04
qwen3,ArtPrompt,jbb,fft,lora,4,10,2,0.5,0.1
qwen3,ArtPrompt,jbb,fft,qlora,4,1,0,0.0,0.01
qwen3,DeepInception,harmbench,lora,qlora,48,97,10,0.20833333333333334,0.24681933842239187
qwen3,DeepInception,harmbench,lora,fft,48,92,25,0.5208333333333334,0.2340966921119593
qwen3,DeepInception,harmbench,qlora,lora,97,48,10,0.10309278350515463,0.12213740458015267
qwen3,DeepInception,harmbench,qlora,fft,97,92,34,0.35051546391752575,0.2340966921119593
qwen3,DeepInception,harmbench,fft,lora,92,48,25,0.2717391304347826,0.12213740458015267
qwen3,DeepInception,harmbench,fft,qlora,92,97,34,0.3695652173913043,0.24681933842239187
qwen3,ArtPrompt,harmbench,lora,qlora,45,32,10,0.2222222222222222,0.08142493638676845
qwen3,ArtPrompt,harmbench,lora,fft,45,36,18,0.4,0.0916030534351145
qwen3,ArtPrompt,harmbench,qlora,lora,32,45,10,0.3125,0.11450381679389313
qwen3,ArtPrompt,harmbench,qlora,fft,32,36,9,0.28125,0.0916030534351145
qwen3,ArtPrompt,harmbench,fft,lora,36,45,18,0.5,0.11450381679389313
qwen3,ArtPrompt,harmbench,fft,qlora,36,32,9,0.25,0.08142493638676845
phi4,DeepInception,jbb,qlora,lora,2,0,0,0.0,0.0
phi4,DeepInception,jbb,qlora,fft,2,1,0,0.0,0.01
phi4,DeepInception,jbb,fft,lora,1,0,0,0.0,0.0
phi4,DeepInception,jbb,fft,qlora,1,2,0,0.0,0.02
phi4,ArtPrompt,jbb,lora,qlora,35,7,5,0.14285714285714285,0.07
phi4,ArtPrompt,jbb,lora,fft,35,33,22,0.6285714285714286,0.33
phi4,ArtPrompt,jbb,qlora,lora,7,35,5,0.7142857142857143,0.35
phi4,ArtPrompt,jbb,qlora,fft,7,33,4,0.5714285714285714,0.33
phi4,ArtPrompt,jbb,fft,lora,33,35,22,0.6666666666666666,0.35
phi4,ArtPrompt,jbb,fft,qlora,33,7,4,0.12121212121212122,0.07
phi4,DeepInception,harmbench,lora,qlora,8,19,3,0.375,0.04834605597964377
phi4,DeepInception,harmbench,lora,fft,8,9,4,0.5,0.022900763358778626
phi4,DeepInception,harmbench,qlora,lora,19,8,3,0.15789473684210525,0.020356234096692113
phi4,DeepInception,harmbench,qlora,fft,19,9,3,0.15789473684210525,0.022900763358778626
phi4,DeepInception,harmbench,fft,lora,9,8,4,0.4444444444444444,0.020356234096692113
phi4,DeepInception,harmbench,fft,qlora,9,19,3,0.3333333333333333,0.04834605597964377
phi4,ArtPrompt,harmbench,lora,qlora,126,49,30,0.23809523809523808,0.12468193384223919
phi4,ArtPrompt,harmbench,lora,fft,126,130,87,0.6904761904761905,0.33078880407124683
phi4,ArtPrompt,harmbench,qlora,lora,49,126,30,0.6122448979591837,0.32061068702290074
phi4,ArtPrompt,harmbench,qlora,fft,49,130,33,0.673469387755102,0.33078880407124683
phi4,ArtPrompt,harmbench,fft,lora,130,126,87,0.6692307692307692,0.32061068702290074
phi4,ArtPrompt,harmbench,fft,qlora,130,49,33,0.25384615384615383,0.12468193384223919
qwen25,DeepInception,jbb,lora,qlora,38,19,12,0.3157894736842105,0.19
qwen25,DeepInception,jbb,lora,fft,38,19,15,0.39473684210526316,0.19
qwen25,DeepInception,jbb,qlora,lora,19,38,12,0.631578947368421,0.38
qwen25,DeepInception,jbb,qlora,fft,19,19,9,0.47368421052631576,0.19
qwen25,DeepInception,jbb,fft,lora,19,38,15,0.7894736842105263,0.38
qwen25,DeepInception,jbb,fft,qlora,19,19,9,0.47368421052631576,0.19
qwen25,ArtPrompt,jbb,lora,qlora,25,3,0,0.0,0.03
qwen25,ArtPrompt,jbb,lora,fft,25,23,17,0.68,0.23
qwen25,ArtPrompt,jbb,qlora,lora,3,25,0,0.0,0.25
qwen25,ArtPrompt,jbb,qlora,fft,3,23,0,0.0,0.23
qwen25,ArtPrompt,jbb,fft,lora,23,25,17,0.7391304347826086,0.25
qwen25,ArtPrompt,jbb,fft,qlora,23,3,0,0.0,0.03
qwen25,DeepInception,harmbench,lora,qlora,98,75,32,0.32653061224489793,0.19083969465648856
qwen25,DeepInception,harmbench,lora,fft,98,68,39,0.3979591836734694,0.17302798982188294
qwen25,DeepInception,harmbench,qlora,lora,75,98,32,0.4266666666666667,0.24936386768447838
qwen25,DeepInception,harmbench,qlora,fft,75,68,35,0.4666666666666667,0.17302798982188294
qwen25,DeepInception,harmbench,fft,lora,68,98,39,0.5735294117647058,0.24936386768447838
qwen25,DeepInception,harmbench,fft,qlora,68,75,35,0.5147058823529411,0.19083969465648856
qwen25,ArtPrompt,harmbench,lora,qlora,86,79,22,0.2558139534883721,0.2010178117048346
qwen25,ArtPrompt,harmbench,lora,fft,86,91,58,0.6744186046511628,0.23155216284987276
qwen25,ArtPrompt,harmbench,qlora,lora,79,86,22,0.27848101265822783,0.21882951653944022
qwen25,ArtPrompt,harmbench,qlora,fft,79,91,28,0.35443037974683544,0.23155216284987276
qwen25,ArtPrompt,harmbench,fft,lora,91,86,58,0.6373626373626373,0.21882951653944022
qwen25,ArtPrompt,harmbench,fft,qlora,91,79,28,0.3076923076923077,0.2010178117048346
