contrast,dz,family,mean_diff,mean_loss_a,mean_loss_b,n,ttest_p,wilcoxon_p
llama31_lora vs llama31_fft,0.3390384062758516,llama31,0.0963427734375,0.584638671875,0.4882958984375,100,0.001003745293226679,0.0003421934820351515
llama31_base_fp16 vs llama31_fft,0.9813176783240516,llama31,0.4101220703125,0.89841796875,0.4882958984375,100,2.796422878706859e-16,1.122530375317533e-13
llama31_base_fp16 vs llama31_lora,0.795450835207839,llama31,0.313779296875,0.89841796875,0.584638671875,100,3.0035827135967986e-12,2.8012794040241926e-11
qwen25_14b_lora vs qwen25_14b_fft,0.2601540288194196,qwen25_14b,0.058016357421875,0.438992919921875,0.3809765625,100,0.010703441737738685,0.007903964413525272
qwen25_14b_base_fp16 vs qwen25_14b_fft,0.5545624133881858,qwen25_14b,0.16169921875,0.54267578125,0.3809765625,100,2.4389887451148185e-07,1.9450628149016338e-06
qwen25_14b_base_fp16 vs qwen25_14b_lora,0.35239746694743074,qwen25_14b,0.103682861328125,0.54267578125,0.438992919921875,100,0.0006452314000323236,0.003788693953129403
gemma2_lora vs gemma2_fft,0.09523661027080481,gemma2,0.02188232421875,0.49164306640625,0.4697607421875,100,0.3432307879666231,0.3886222339975315
gemma2_base_fp16 vs gemma2_fft,0.24588375353276118,gemma2,0.09424072265625,0.56400146484375,0.4697607421875,100,0.015674348202675072,0.021047785848527865
gemma2_base_fp16 vs gemma2_lora,0.19593252459077296,gemma2,0.0723583984375,0.56400146484375,0.49164306640625,100,0.05288720529080584,0.10683494216499802
qwen3_lora vs qwen3_fft,0.23991537129831375,qwen3,0.05812698364257812,0.35960205078125,0.3014750671386719,100,0.01830444798254852,0.02232531344434191
qwen3_base_fp16 vs qwen3_fft,0.9190087552774977,qwen3,0.4783100891113281,0.77978515625,0.3014750671386719,100,6.389709930634931e-15,5.24461343553426e-13
qwen3_base_fp16 vs qwen3_lora,0.9198273009101994,qwen3,0.42018310546875,0.77978515625,0.35960205078125,100,6.132685745382014e-15,1.8755823908975112e-12
phi4_lora vs phi4_fft,0.39665557429817433,phi4,0.0829101187735796,0.4780923461914062,0.39518222741782666,100,0.0001380089567188692,0.00026675493180285164
phi4_base_fp16 vs phi4_fft,1.2394324827740937,phi4,0.5557748038321734,0.95095703125,0.39518222741782666,100,7.415783399174895e-22,2.1667464533651434e-16
phi4_base_fp16 vs phi4_lora,0.9925710911116591,phi4,0.47286468505859375,0.95095703125,0.4780923461914062,100,1.5888074915010526e-16,9.035048136042861e-14
