asr_pct,cell,family,mean_final_loss,median_final_loss,n,r_p,r_pointbiserial,sd_final_loss
25.0,llama31_base_fp16_custom,llama31,0.89841796875,0.80078125,100,8.070988345375021e-06,-0.4298603808612014,0.4413202998545147
33.0,llama31_lora_custom,llama31,0.584638671875,0.53125,100,0.013593387613259721,-0.24606985275794838,0.2461747667301818
50.0,llama31_fft_custom,llama31,0.4882958984375,0.4501953125,100,0.015558102739971843,-0.2413585786998614,0.22481589845131336
60.0,qwen25_14b_base_fp16_custom,qwen25_14b,0.54267578125,0.4716796875,100,3.5060715047810885e-05,-0.401296577724574,0.30418832906857807
31.0,qwen25_14b_lora_custom,qwen25_14b,0.438992919921875,0.423828125,100,0.13233932686380562,-0.15152871049922834,0.20347695721871312
48.0,qwen25_14b_fft_custom,qwen25_14b,0.3809765625,0.3408203125,100,0.2883269276447467,-0.10722149512534347,0.18052158922466313
23.0,gemma2_base_fp16_custom,gemma2,0.56400146484375,0.578125,100,0.030099778525065405,-0.21701425988997716,0.4255238137346493
37.0,gemma2_lora_custom,gemma2,0.49164306640625,0.5078125,100,0.0009745611572098431,-0.3248685048395481,0.26584364845718583
50.0,gemma2_fft_custom,gemma2,0.4697607421875,0.427734375,100,1.3446986505558603e-05,-0.42022455778541656,0.24625543227201635
12.0,qwen3_base_fp16_custom,qwen3,0.77978515625,0.734375,100,0.09203743122020554,-0.1693845462249534,0.4987342206150239
37.0,qwen3_lora_custom,qwen3,0.35960205078125,0.34765625,100,0.11068743229681287,-0.16049303054444355,0.19311311047487761
35.0,qwen3_fft_custom,qwen3,0.3014750671386719,0.296875,100,0.24214394490315688,-0.11803909952228765,0.23416934011651563
10.0,phi4_base_fp16_custom,phi4,0.95095703125,0.845703125,100,0.0015474567960315803,-0.3125235292230191,0.4741955769364725
30.0,phi4_lora_custom,phi4,0.4780923461914062,0.476318359375,100,0.01280920828611806,-0.2481172789538948,0.19404903714915428
48.0,phi4_fft_custom,phi4,0.39518222741782666,0.369140625,100,0.5701582741653319,0.057457281083587164,0.19614268232901602
