family,fft_n,fft_succ,gap_pp,hi,lo,lora_n,lora_succ,mcnemar_b,mcnemar_c,mcnemar_p,mh_chi2,mh_p,or_crude,or_mh,pct_excess_odds_explained,quartile
llama31,34,22,20.955882352941174,0.3759765625,-inf,16,7,,,,,,,,,1
llama31,23,13,14.214046822742475,0.50390625,0.3759765625,26,11,,,,,,,,,2
llama31,24,8,-1.2820512820512775,0.66796875,0.50390625,26,9,,,,,,,,,3
llama31,19,7,18.092105263157897,inf,0.66796875,32,6,,,,,,,,,4
llama31,100,50,17.0,,,100,33,30,13,0.0137181850586785,2.765359743941518,0.09632503028898551,2.0303030303030303,1.7316299655586205,28.98885628401625,MH
qwen25_14b,28,14,4.545454545454547,0.27685546875,-inf,22,10,,,,,,,,,1
qwen25_14b,32,19,31.59722222222222,0.3837890625,0.27685546875,18,5,,,,,,,,,2
qwen25_14b,19,8,12.47563352826511,0.51171875,0.3837890625,27,8,,,,,,,,,3
qwen25_14b,21,7,9.090909090909093,inf,0.51171875,33,8,,,,,,,,,4
qwen25_14b,100,48,17.0,,,100,31,31,14,0.016094360031274842,3.471494279341722,0.062434886246238636,2.0545905707196033,1.8356464427231638,20.761054960603552,MH
gemma2,25,19,12.0,0.29931640625,-inf,25,16,,,,,,,,,1
gemma2,33,17,22.103386809269164,0.4580078125,0.29931640625,17,5,,,,,,,,,2
gemma2,19,11,19.18505942275042,0.6572265625,0.4580078125,31,12,,,,,,,,,3
gemma2,23,3,-1.7713365539452504,inf,0.6572265625,27,4,,,,,,,,,4
gemma2,100,50,13.0,,,100,37,27,14,0.05958388801809633,3.04358397933449,0.08105677642028382,1.7027027027027026,1.8551136363636365,-21.68924825174827,MH
qwen3,34,13,-11.764705882352942,0.167724609375,-inf,16,8,,,,,,,,,1
qwen3,21,9,4.926108374384235,0.318359375,0.167724609375,29,11,,,,,,,,,2
qwen3,23,7,-6.602254428341386,0.4794921875,0.318359375,27,10,,,,,,,,,3
qwen3,22,6,-1.2987012987012996,inf,0.4794921875,28,8,,,,,,,,,4
qwen3,100,35,-2.0,,,100,37,16,18,0.8641662404406816,0.1216016335913108,0.7273038392283273,0.9168399168399167,0.858843537414966,nan,MH
phi4,33,14,-10.51693404634581,0.291748046875,-inf,17,9,,,,,,,,,1
phi4,29,12,12.807881773399014,0.414794921875,0.291748046875,21,6,,,,,,,,,2
phi4,18,10,33.68055555555556,0.5587158203125,0.414794921875,32,7,,,,,,,,,3
phi4,20,12,33.33333333333333,inf,0.5587158203125,30,8,,,,,,,,,4
phi4,100,48,18.0,,,100,30,31,13,0.009559878856634896,5.3365048567569655,0.020883303161682014,2.153846153846154,2.0508905852417305,8.92281594571671,MH
