model_family,config,model_name,hard_1k_n,hard_1k_direct_answer_count,hard_1k_direct_refusal_count,hard_1k_indirect_refusal_count,hard_1k_rejection_count,hard_1k_direct_answer_rate,hard_1k_direct_refusal_rate,hard_1k_indirect_refusal_rate,hard_1k_rejection_rate,hard_1k_direct_answer_rate_pct,hard_1k_direct_refusal_rate_pct,hard_1k_indirect_refusal_rate_pct,hard_1k_rejection_rate_pct,hard_1k_acceptance_count,hard_1k_acceptance_rate,hard_1k_acceptance_rate_pct,hard_1k_path,toxic_n,toxic_direct_answer_count,toxic_direct_refusal_count,toxic_indirect_refusal_count,toxic_rejection_count,toxic_direct_answer_rate,toxic_direct_refusal_rate,toxic_indirect_refusal_rate,toxic_rejection_rate,toxic_direct_answer_rate_pct,toxic_direct_refusal_rate_pct,toxic_indirect_refusal_rate_pct,toxic_rejection_rate_pct,toxic_acceptance_count,toxic_acceptance_rate,toxic_acceptance_rate_pct,toxic_path,safety_utility_gap_pct,legacy_gpt4o_orr,legacy_llama2_orr,legacy_llamaguard_orr,legacy_gpt4o_path,legacy_llama2_path,legacy_llamaguard_path,legacy_note
gemma2,base_4bit,gemma2_base_4bit_custom,1319,213,455,651,1106,0.16148597422289612,0.34495830174374525,0.4935557240333586,0.8385140257771039,16.15,34.5,49.36,83.85,213,0.16148597422289612,16.15,toolkits/HarmBench/results/ORBench/Hard-1K/DirectRequest/regen4bit/results/gemma2_base_4bit_custom.json,655,9,389,257,646,0.013740458015267175,0.5938931297709924,0.39236641221374047,0.9862595419847329,1.37,59.39,39.24,98.63,9,0.013740458015267175,1.37,toolkits/HarmBench/results/ORBench/Toxic/DirectRequest/regen4bit/results/gemma2_base_4bit_custom.json,14.78,0.25,0.59,0.0,results/Benign/DirectRequest/default/results/gemma2_base_4bit_custom.json,results/Benign/DirectRequest/default/results_llama2/gemma2_base_4bit_custom.json,results/Benign/DirectRequest/default/results_llamaguard/gemma2_base_4bit_custom.json,Legacy 100-prompt benign ORR comparison only
gemma2,base_fp16,gemma2_base_fp16_custom,1319,213,507,599,1106,0.1614859742228961,0.3843821076573162,0.4541319181197877,0.8385140257771039,16.15,38.44,45.41,83.85,213,0.1614859742228961,16.15,toolkits/HarmBench/results/ORBench/Hard-1K/DirectRequest/default/results/gemma2_base_fp16_custom.json,655,11,385,259,644,0.0167938931297709,0.5877862595419847,0.3954198473282442,0.983206106870229,1.68,58.78,39.54,98.32,11,0.0167938931297709,1.68,toolkits/HarmBench/results/ORBench/Toxic/DirectRequest/default/results/gemma2_base_fp16_custom.json,14.47,0.28,0.63,0.0,results/Benign/DirectRequest/default/results/gemma2_base_fp16_custom.json,results/Benign/DirectRequest/default/results_llama2/gemma2_base_fp16_custom.json,results/Benign/DirectRequest/default/results_llamaguard/gemma2_base_fp16_custom.json,Legacy 100-prompt benign ORR comparison only
gemma2,fft,gemma2_fft_custom,1319,745,322,252,574,0.5648218347232752,0.2441243366186505,0.1910538286580743,0.4351781652767248,56.48,24.41,19.11,43.52,745,0.5648218347232752,56.48,toolkits/HarmBench/results/ORBench/Hard-1K/DirectRequest/default/results/gemma2_fft_custom.json,655,56,441,158,599,0.0854961832061068,0.6732824427480916,0.2412213740458015,0.9145038167938933,8.55,67.33,24.12,91.45,56,0.0854961832061068,8.55,toolkits/HarmBench/results/ORBench/Toxic/DirectRequest/default/results/gemma2_fft_custom.json,47.93,0.17,0.42,0.0,results/Benign/DirectRequest/default/results/gemma2_fft_custom.json,results/Benign/DirectRequest/default/results_llama2/gemma2_fft_custom.json,results/Benign/DirectRequest/default/results_llamaguard/gemma2_fft_custom.json,Legacy 100-prompt benign ORR comparison only
gemma2,lora,gemma2_lora_custom,1319,575,396,348,744,0.4359363153904473,0.3002274450341167,0.2638362395754359,0.5640636846095527,43.59,30.02,26.38,56.41,575,0.4359363153904473,43.59,toolkits/HarmBench/results/ORBench/Hard-1K/DirectRequest/default/results/gemma2_lora_custom.json,655,23,445,187,632,0.0351145038167938,0.6793893129770993,0.2854961832061068,0.964885496183206,3.51,67.94,28.55,96.49,23,0.0351145038167938,3.51,toolkits/HarmBench/results/ORBench/Toxic/DirectRequest/default/results/gemma2_lora_custom.json,40.08,0.15,0.57,0.0,results/Benign/DirectRequest/default/results/gemma2_lora_custom.json,results/Benign/DirectRequest/default/results_llama2/gemma2_lora_custom.json,results/Benign/DirectRequest/default/results_llamaguard/gemma2_lora_custom.json,Legacy 100-prompt benign ORR comparison only
gemma2,qlora,gemma2_qlora_custom,1319,457,503,359,862,0.3464746019711903,0.3813495072024261,0.2721758908263836,0.6535253980288097,34.65,38.13,27.22,65.35,457,0.3464746019711903,34.65,toolkits/HarmBench/results/ORBench/Hard-1K/DirectRequest/default/results/gemma2_qlora_custom.json,655,19,452,184,636,0.0290076335877862,0.6900763358778625,0.2809160305343511,0.9709923664122138,2.9,69.01,28.09,97.1,19,0.0290076335877862,2.9,toolkits/HarmBench/results/ORBench/Toxic/DirectRequest/default/results/gemma2_qlora_custom.json,31.75,0.18,0.54,0.0,results/Benign/DirectRequest/default/results/gemma2_qlora_custom.json,results/Benign/DirectRequest/default/results_llama2/gemma2_qlora_custom.json,results/Benign/DirectRequest/default/results_llamaguard/gemma2_qlora_custom.json,Legacy 100-prompt benign ORR comparison only
llama31,base_4bit,llama31_base_4bit_custom,1319,938,178,203,381,0.711144806671721,0.13495072024260804,0.15390447308567096,0.288855193328279,71.11,13.5,15.39,28.89,938,0.711144806671721,71.11,toolkits/HarmBench/results/ORBench/Hard-1K/DirectRequest/regen4bit/results/llama31_base_4bit_custom.json,655,66,358,231,589,0.10076335877862595,0.5465648854961832,0.3526717557251908,0.899236641221374,10.08,54.66,35.27,89.92,66,0.10076335877862595,10.08,toolkits/HarmBench/results/ORBench/Toxic/DirectRequest/regen4bit/results/llama31_base_4bit_custom.json,61.03,0.1,0.36,0.0,results/Benign/DirectRequest/default/results/llama31_base_4bit_custom.json,results/Benign/DirectRequest/default/results_llama2/llama31_base_4bit_custom.json,results/Benign/DirectRequest/default/results_llamaguard/llama31_base_4bit_custom.json,Legacy 100-prompt benign ORR comparison only
llama31,base_fp16,llama31_base_fp16_custom,1319,916,292,111,403,0.6944655041698257,0.221379833206975,0.0841546626231994,0.3055344958301744,69.45,22.14,8.42,30.55,916,0.6944655041698257,69.45,toolkits/HarmBench/results/ORBench/Hard-1K/DirectRequest/default/results/llama31_base_fp16_custom.json,655,60,409,186,595,0.0916030534351145,0.6244274809160305,0.2839694656488549,0.9083969465648856,9.16,62.44,28.4,90.84,60,0.0916030534351145,9.16,toolkits/HarmBench/results/ORBench/Toxic/DirectRequest/default/results/llama31_base_fp16_custom.json,60.29,0.13,0.32,0.0,results/Benign/DirectRequest/default/results/llama31_base_fp16_custom.json,results/Benign/DirectRequest/default/results_llama2/llama31_base_fp16_custom.json,results/Benign/DirectRequest/default/results_llamaguard/llama31_base_fp16_custom.json,Legacy 100-prompt benign ORR comparison only
llama31,fft,llama31_fft_custom,1319,887,380,52,432,0.6724791508718726,0.2880970432145565,0.0394238059135708,0.3275208491281273,67.25,28.81,3.94,32.75,887,0.6724791508718726,67.25,toolkits/HarmBench/results/ORBench/Hard-1K/DirectRequest/default/results/llama31_fft_custom.json,655,45,567,43,610,0.0687022900763358,0.8656488549618321,0.065648854961832,0.931297709923664,6.87,86.56,6.56,93.13,45,0.0687022900763358,6.87,toolkits/HarmBench/results/ORBench/Toxic/DirectRequest/default/results/llama31_fft_custom.json,60.38,0.11,0.43,0.0,results/Benign/DirectRequest/default/results/llama31_fft_custom.json,results/Benign/DirectRequest/default/results_llama2/llama31_fft_custom.json,results/Benign/DirectRequest/default/results_llamaguard/llama31_fft_custom.json,Legacy 100-prompt benign ORR comparison only
llama31,lora,llama31_lora_custom,1319,781,422,116,538,0.5921152388172858,0.3199393479909022,0.0879454131918119,0.4078847611827141,59.21,31.99,8.79,40.79,781,0.5921152388172858,59.21,toolkits/HarmBench/results/ORBench/Hard-1K/DirectRequest/default/results/llama31_lora_custom.json,655,40,531,84,615,0.0610687022900763,0.8106870229007633,0.1282442748091603,0.9389312977099236,6.11,81.07,12.82,93.89,40,0.0610687022900763,6.11,toolkits/HarmBench/results/ORBench/Toxic/DirectRequest/default/results/llama31_lora_custom.json,53.1,0.14,0.46,0.0,results/Benign/DirectRequest/default/results/llama31_lora_custom.json,results/Benign/DirectRequest/default/results_llama2/llama31_lora_custom.json,results/Benign/DirectRequest/default/results_llamaguard/llama31_lora_custom.json,Legacy 100-prompt benign ORR comparison only
llama31,qlora,llama31_qlora_custom,1318,851,304,163,467,0.6456752655538694,0.2306525037936267,0.1236722306525038,0.3543247344461305,64.57,23.07,12.37,35.43,851,0.6456752655538694,64.57,toolkits/HarmBench/results/ORBench/Hard-1K/DirectRequest/default/results/llama31_qlora_custom.json,655,52,448,155,603,0.0793893129770992,0.683969465648855,0.2366412213740458,0.9206106870229008,7.94,68.4,23.66,92.06,52,0.0793893129770992,7.94,toolkits/HarmBench/results/ORBench/Toxic/DirectRequest/default/results/llama31_qlora_custom.json,56.63,0.13,0.42,0.0,results/Benign/DirectRequest/default/results/llama31_qlora_custom.json,results/Benign/DirectRequest/default/results_llama2/llama31_qlora_custom.json,results/Benign/DirectRequest/default/results_llamaguard/llama31_qlora_custom.json,Legacy 100-prompt benign ORR comparison only
phi4,base_4bit,phi4_base_4bit_custom,1318,321,202,795,997,0.24355083459787558,0.15326251896813353,0.6031866464339909,0.7564491654021245,24.36,15.33,60.32,75.64,321,0.24355083459787558,24.36,toolkits/HarmBench/results/ORBench/Hard-1K/DirectRequest/regen4bit/results/phi4_base_4bit_custom.json,655,12,341,302,643,0.0183206106870229,0.5206106870229008,0.46106870229007635,0.981679389312977,1.83,52.06,46.11,98.17,12,0.0183206106870229,1.83,toolkits/HarmBench/results/ORBench/Toxic/DirectRequest/regen4bit/results/phi4_base_4bit_custom.json,22.53,0.07,0.62,0.0,results/Benign/DirectRequest/default/results/phi4_base_4bit_custom.json,results/Benign/DirectRequest/default/results_llama2/phi4_base_4bit_custom.json,results/Benign/DirectRequest/default/results_llamaguard/phi4_base_4bit_custom.json,Legacy 100-prompt benign ORR comparison only
phi4,base_fp16,phi4_base_fp16_custom,1318,288,231,799,1030,0.2185128983308042,0.1752655538694992,0.6062215477996965,0.7814871016691958,21.85,17.53,60.62,78.15,288,0.2185128983308042,21.85,toolkits/HarmBench/results/ORBench/Hard-1K/DirectRequest/default/results/phi4_base_fp16_custom.json,655,18,328,309,637,0.0274809160305343,0.500763358778626,0.4717557251908397,0.9725190839694656,2.75,50.08,47.18,97.25,18,0.0274809160305343,2.75,toolkits/HarmBench/results/ORBench/Toxic/DirectRequest/default/results/phi4_base_fp16_custom.json,19.1,0.07,0.62,0.0,results/Benign/DirectRequest/default/results/phi4_base_fp16_custom.json,results/Benign/DirectRequest/default/results_llama2/phi4_base_fp16_custom.json,results/Benign/DirectRequest/default/results_llamaguard/phi4_base_fp16_custom.json,Legacy 100-prompt benign ORR comparison only
phi4,fft,phi4_fft_custom,1319,647,369,303,672,0.4905231235784685,0.2797573919636087,0.2297194844579226,0.5094768764215315,49.05,27.98,22.97,50.95,647,0.4905231235784685,49.05,toolkits/HarmBench/results/ORBench/Hard-1K/DirectRequest/default/results/phi4_fft_custom.json,655,44,383,228,611,0.0671755725190839,0.5847328244274809,0.3480916030534351,0.932824427480916,6.72,58.47,34.81,93.28,44,0.0671755725190839,6.72,toolkits/HarmBench/results/ORBench/Toxic/DirectRequest/default/results/phi4_fft_custom.json,42.33,0.12,0.45,0.0,results/Benign/DirectRequest/default/results/phi4_fft_custom.json,results/Benign/DirectRequest/default/results_llama2/phi4_fft_custom.json,results/Benign/DirectRequest/default/results_llamaguard/phi4_fft_custom.json,Legacy 100-prompt benign ORR comparison only
phi4,lora,phi4_lora_custom,1319,470,510,339,849,0.356330553449583,0.3866565579984837,0.2570128885519332,0.643669446550417,35.63,38.67,25.7,64.37,470,0.356330553449583,35.63,toolkits/HarmBench/results/ORBench/Hard-1K/DirectRequest/default/results/phi4_lora_custom.json,655,31,515,109,624,0.0473282442748091,0.7862595419847328,0.166412213740458,0.9526717557251908,4.73,78.63,16.64,95.27,31,0.0473282442748091,4.73,toolkits/HarmBench/results/ORBench/Toxic/DirectRequest/default/results/phi4_lora_custom.json,30.9,0.2,0.51,0.0,results/Benign/DirectRequest/default/results/phi4_lora_custom.json,results/Benign/DirectRequest/default/results_llama2/phi4_lora_custom.json,results/Benign/DirectRequest/default/results_llamaguard/phi4_lora_custom.json,Legacy 100-prompt benign ORR comparison only
phi4,qlora,phi4_qlora_custom,1319,379,321,619,940,0.287338893100834,0.2433661865049279,0.469294920394238,0.7126611068991661,28.73,24.34,46.93,71.27,379,0.287338893100834,28.73,toolkits/HarmBench/results/ORBench/Hard-1K/DirectRequest/default/results/phi4_qlora_custom.json,655,23,350,282,632,0.0351145038167938,0.5343511450381679,0.4305343511450382,0.964885496183206,3.51,53.44,43.05,96.49,23,0.0351145038167938,3.51,toolkits/HarmBench/results/ORBench/Toxic/DirectRequest/default/results/phi4_qlora_custom.json,25.22,0.13,0.52,0.0,results/Benign/DirectRequest/default/results/phi4_qlora_custom.json,results/Benign/DirectRequest/default/results_llama2/phi4_qlora_custom.json,results/Benign/DirectRequest/default/results_llamaguard/phi4_qlora_custom.json,Legacy 100-prompt benign ORR comparison only
qwen25,base_4bit,qwen25_14b_base_4bit_custom,1319,1052,32,235,267,0.7975739196360879,0.024260803639120546,0.17816527672479152,0.20242608036391205,79.76,2.43,17.82,20.24,1052,0.7975739196360879,79.76,toolkits/HarmBench/results/ORBench/Hard-1K/DirectRequest/regen4bit/results/qwen25_14b_base_4bit_custom.json,655,46,269,340,609,0.07022900763358779,0.41068702290076337,0.5190839694656488,0.9297709923664123,7.02,41.07,51.91,92.98,46,0.07022900763358779,7.02,toolkits/HarmBench/results/ORBench/Toxic/DirectRequest/regen4bit/results/qwen25_14b_base_4bit_custom.json,72.74,0.1,0.43,0.0,results/Benign/DirectRequest/default/results/qwen25_14b_base_4bit_custom.json,results/Benign/DirectRequest/default/results_llama2/qwen25_14b_base_4bit_custom.json,results/Benign/DirectRequest/default/results_llamaguard/qwen25_14b_base_4bit_custom.json,Legacy 100-prompt benign ORR comparison only
qwen25,base_fp16,qwen25_14b_base_fp16_custom,1319,1011,22,286,308,0.7664897649734648,0.0166793025018953,0.2168309325246399,0.2335102350265352,76.65,1.67,21.68,23.35,1011,0.7664897649734648,76.65,toolkits/HarmBench/results/ORBench/Hard-1K/DirectRequest/default/results/qwen25_14b_base_fp16_custom.json,655,40,217,398,615,0.0610687022900763,0.3312977099236641,0.6076335877862595,0.9389312977099236,6.11,33.13,60.76,93.89,40,0.0610687022900763,6.11,toolkits/HarmBench/results/ORBench/Toxic/DirectRequest/default/results/qwen25_14b_base_fp16_custom.json,70.54,0.09,0.43,0.0,results/Benign/DirectRequest/default/results/qwen25_14b_base_fp16_custom.json,results/Benign/DirectRequest/default/results_llama2/qwen25_14b_base_fp16_custom.json,results/Benign/DirectRequest/default/results_llamaguard/qwen25_14b_base_fp16_custom.json,Legacy 100-prompt benign ORR comparison only
qwen25,fft,qwen25_14b_fft_custom,1319,838,215,266,481,0.6353297952994693,0.1630022744503411,0.2016679302501895,0.3646702047005307,63.53,16.3,20.17,36.47,838,0.6353297952994693,63.53,toolkits/HarmBench/results/ORBench/Hard-1K/DirectRequest/default/results/qwen25_14b_fft_custom.json,655,77,302,276,578,0.1175572519083969,0.4610687022900763,0.4213740458015267,0.8824427480916031,11.76,46.11,42.14,88.24,77,0.1175572519083969,11.76,toolkits/HarmBench/results/ORBench/Toxic/DirectRequest/default/results/qwen25_14b_fft_custom.json,51.77,0.08,0.43,0.0,results/Benign/DirectRequest/default/results/qwen25_14b_fft_custom.json,results/Benign/DirectRequest/default/results_llama2/qwen25_14b_fft_custom.json,results/Benign/DirectRequest/default/results_llamaguard/qwen25_14b_fft_custom.json,Legacy 100-prompt benign ORR comparison only
qwen25,lora,qwen25_14b_lora_custom,1319,750,298,271,569,0.5686125852918877,0.2259287338893101,0.2054586808188021,0.4313874147081122,56.86,22.59,20.55,43.14,750,0.5686125852918877,56.86,toolkits/HarmBench/results/ORBench/Hard-1K/DirectRequest/default/results/qwen25_14b_lora_custom.json,655,18,472,165,637,0.0274809160305343,0.7206106870229008,0.2519083969465648,0.9725190839694656,2.75,72.06,25.19,97.25,18,0.0274809160305343,2.75,toolkits/HarmBench/results/ORBench/Toxic/DirectRequest/default/results/qwen25_14b_lora_custom.json,54.11,0.15,0.51,0.0,results/Benign/DirectRequest/default/results/qwen25_14b_lora_custom.json,results/Benign/DirectRequest/default/results_llama2/qwen25_14b_lora_custom.json,results/Benign/DirectRequest/default/results_llamaguard/qwen25_14b_lora_custom.json,Legacy 100-prompt benign ORR comparison only
qwen25,qlora,qwen25_14b_qlora_custom,1319,735,314,270,584,0.5572403335860501,0.2380591357088703,0.2047005307050796,0.44275966641395,55.72,23.81,20.47,44.28,735,0.5572403335860501,55.72,toolkits/HarmBench/results/ORBench/Hard-1K/DirectRequest/default/results/qwen25_14b_qlora_custom.json,655,17,459,179,638,0.0259541984732824,0.7007633587786259,0.2732824427480916,0.9740458015267176,2.6,70.08,27.33,97.4,17,0.0259541984732824,2.6,toolkits/HarmBench/results/ORBench/Toxic/DirectRequest/default/results/qwen25_14b_qlora_custom.json,53.12,0.17,0.49,0.0,results/Benign/DirectRequest/default/results/qwen25_14b_qlora_custom.json,results/Benign/DirectRequest/default/results_llama2/qwen25_14b_qlora_custom.json,results/Benign/DirectRequest/default/results_llamaguard/qwen25_14b_qlora_custom.json,Legacy 100-prompt benign ORR comparison only
qwen3,base_4bit,qwen3_base_4bit_custom,1318,303,439,576,1015,0.2298937784522003,0.3330804248861912,0.4370257966616085,0.7701062215477997,22.99,33.31,43.7,77.01,303,0.2298937784522003,22.99,toolkits/HarmBench/results/ORBench/Hard-1K/DirectRequest/regen4bit/results/qwen3_base_4bit_custom.json,655,8,469,178,647,0.012213740458015267,0.716030534351145,0.2717557251908397,0.9877862595419847,1.22,71.6,27.18,98.78,8,0.012213740458015267,1.22,toolkits/HarmBench/results/ORBench/Toxic/DirectRequest/regen4bit/results/qwen3_base_4bit_custom.json,21.77,0.23,0.66,0.0,results/Benign/DirectRequest/default/results/qwen3_base_4bit_custom.json,results/Benign/DirectRequest/default/results_llama2/qwen3_base_4bit_custom.json,results/Benign/DirectRequest/default/results_llamaguard/qwen3_base_4bit_custom.json,Legacy 100-prompt benign ORR comparison only
qwen3,base_fp16,qwen3_base_fp16_custom,1318,275,555,488,1043,0.208649468892261,0.421092564491654,0.3702579666160849,0.791350531107739,20.86,42.11,37.03,79.14,275,0.208649468892261,20.86,toolkits/HarmBench/results/ORBench/Hard-1K/DirectRequest/default/results/qwen3_base_fp16_custom.json,655,10,480,165,645,0.015267175572519,0.732824427480916,0.2519083969465648,0.9847328244274808,1.53,73.28,25.19,98.47,10,0.015267175572519,1.53,toolkits/HarmBench/results/ORBench/Toxic/DirectRequest/default/results/qwen3_base_fp16_custom.json,19.33,0.25,0.66,0.0,results/Benign/DirectRequest/default/results/qwen3_base_fp16_custom.json,results/Benign/DirectRequest/default/results_llama2/qwen3_base_fp16_custom.json,results/Benign/DirectRequest/default/results_llamaguard/qwen3_base_fp16_custom.json,Legacy 100-prompt benign ORR comparison only
qwen3,fft,qwen3_fft_custom,1319,366,616,337,953,0.2774829416224412,0.4670204700530705,0.2554965883244882,0.7225170583775588,27.75,46.7,25.55,72.25,366,0.2774829416224412,27.75,toolkits/HarmBench/results/ORBench/Hard-1K/DirectRequest/default/results/qwen3_fft_custom.json,655,11,556,88,644,0.0167938931297709,0.8488549618320611,0.1343511450381679,0.983206106870229,1.68,84.89,13.44,98.32,11,0.0167938931297709,1.68,toolkits/HarmBench/results/ORBench/Toxic/DirectRequest/default/results/qwen3_fft_custom.json,26.07,0.21,0.55,0.0,results/Benign/DirectRequest/default/results/qwen3_fft_custom.json,results/Benign/DirectRequest/default/results_llama2/qwen3_fft_custom.json,results/Benign/DirectRequest/default/results_llamaguard/qwen3_fft_custom.json,Legacy 100-prompt benign ORR comparison only
qwen3,lora,qwen3_lora_custom,1319,326,775,218,993,0.2471569370735405,0.5875663381349507,0.1652767247915087,0.7528430629264594,24.72,58.76,16.53,75.28,326,0.2471569370735405,24.72,toolkits/HarmBench/results/ORBench/Hard-1K/DirectRequest/default/results/qwen3_lora_custom.json,655,11,599,45,644,0.0167938931297709,0.9145038167938933,0.0687022900763358,0.983206106870229,1.68,91.45,6.87,98.32,11,0.0167938931297709,1.68,toolkits/HarmBench/results/ORBench/Toxic/DirectRequest/default/results/qwen3_lora_custom.json,23.04,0.23,0.56,0.0,results/Benign/DirectRequest/default/results/qwen3_lora_custom.json,results/Benign/DirectRequest/default/results_llama2/qwen3_lora_custom.json,results/Benign/DirectRequest/default/results_llamaguard/qwen3_lora_custom.json,Legacy 100-prompt benign ORR comparison only
qwen3,qlora,qwen3_qlora_custom,1319,310,474,535,1009,0.2350265352539803,0.3593631539044731,0.4056103108415466,0.7649734647460197,23.5,35.94,40.56,76.5,310,0.2350265352539803,23.5,toolkits/HarmBench/results/ORBench/Hard-1K/DirectRequest/default/results/qwen3_qlora_custom.json,655,8,500,147,647,0.0122137404580152,0.7633587786259542,0.2244274809160305,0.9877862595419848,1.22,76.34,22.44,98.78,8,0.0122137404580152,1.22,toolkits/HarmBench/results/ORBench/Toxic/DirectRequest/default/results/qwen3_qlora_custom.json,22.28,0.24,0.65,0.0,results/Benign/DirectRequest/default/results/qwen3_qlora_custom.json,results/Benign/DirectRequest/default/results_llama2/qwen3_qlora_custom.json,results/Benign/DirectRequest/default/results_llamaguard/qwen3_qlora_custom.json,Legacy 100-prompt benign ORR comparison only
