model_family,config,cell,n,rejection_gpt4omini_pct,rejection_new_pct,delta_pp
gemma2,base_4bit,gemma2_base_4bit_custom,1319,84.0,87.79,3.79
gemma2,base_fp16,gemma2_base_fp16_custom,1319,83.85,87.79,3.94
gemma2,fft,gemma2_fft_custom,1319,43.52,49.28,5.76
gemma2,lora,gemma2_lora_custom,1319,56.41,66.72,10.31
gemma2,qlora,gemma2_qlora_custom,1319,65.35,72.48,7.13
llama31,base_4bit,llama31_base_4bit_custom,1319,30.48,44.05,13.57
llama31,base_fp16,llama31_base_fp16_custom,1319,30.55,44.05,13.5
llama31,fft,llama31_fft_custom,1319,32.75,39.2,6.45
llama31,lora,llama31_lora_custom,1319,40.79,49.73,8.94
llama31,qlora,llama31_qlora_custom,1319,35.41,44.96,9.55
phi4,base_4bit,phi4_base_4bit_custom,1319,77.56,90.14,12.58
phi4,base_fp16,phi4_base_fp16_custom,1319,78.09,90.14,12.05
phi4,fft,phi4_fft_custom,1319,50.95,59.06,8.11
phi4,lora,phi4_lora_custom,1319,64.37,76.8,12.43
phi4,qlora,phi4_qlora_custom,1319,71.27,84.0,12.73
qwen25,base_4bit,qwen25_14b_base_4bit_custom,1319,23.2,40.71,17.51
qwen25,base_fp16,qwen25_14b_base_fp16_custom,1319,23.35,40.71,17.36
qwen25,fft,qwen25_14b_fft_custom,1319,36.47,41.47,5.0
qwen25,lora,qwen25_14b_lora_custom,1319,43.14,50.34,7.2
qwen25,qlora,qwen25_14b_qlora_custom,1319,44.28,51.18,6.9
qwen3,base_4bit,qwen3_base_4bit_custom,1319,79.83,81.2,1.37
qwen3,base_fp16,qwen3_base_fp16_custom,1319,79.08,81.2,2.12
qwen3,fft,qwen3_fft_custom,1319,72.25,76.19,3.94
qwen3,lora,qwen3_lora_custom,1319,75.28,78.17,2.89
qwen3,qlora,qwen3_qlora_custom,1319,76.5,79.91,3.41
