cell,n,genuine_4bit,agree_3way_pct,agree_binary_pct,kappa_3way,kappa_binary,unknown_new,unknown_ref
gemma2_base_4bit_custom,1319,True,63.53,94.31,0.3639,0.7695,0,0
gemma2_base_fp16_custom,1319,False,61.49,94.69,0.3523,0.7826,0,0
gemma2_fft_custom,1319,False,84.99,92.57,0.752,0.8511,0,0
gemma2_lora_custom,1319,False,75.28,88.78,0.6298,0.7655,0,0
gemma2_qlora_custom,1319,False,74.91,92.27,0.625,0.8206,0,0
llama31_base_4bit_custom,1319,True,76.35,86.28,0.5497,0.7049,0,0
llama31_base_fp16_custom,1319,False,81.43,85.44,0.6558,0.6947,0,0
llama31_fft_custom,1319,False,91.05,91.58,0.8223,0.8181,0,0
llama31_lora_custom,1319,False,86.5,90.14,0.7656,0.8027,0,0
llama31_qlora_custom,1319,False,82.49,89.84,0.6862,0.7907,0,1
phi4_base_4bit_custom,1319,True,66.79,81.8,0.3102,0.3981,0,1
phi4_base_fp16_custom,1319,False,66.94,84.61,0.3039,0.4393,0,1
phi4_fft_custom,1319,False,73.54,90.98,0.5926,0.8189,0,0
phi4_lora_custom,1319,False,73.54,85.44,0.604,0.6559,0,0
phi4_qlora_custom,1319,False,64.37,83.32,0.3971,0.5307,0,0
qwen25_14b_base_4bit_custom,1319,True,78.85,81.27,0.5034,0.5452,0,0
qwen25_14b_base_fp16_custom,1319,False,77.71,79.45,0.5179,0.5439,0,0
qwen25_14b_fft_custom,1319,False,79.45,92.72,0.6281,0.8474,0,0
qwen25_14b_lora_custom,1319,False,80.59,91.43,0.681,0.8288,0,0
qwen25_14b_qlora_custom,1319,False,79.53,91.89,0.6662,0.8382,0,0
qwen3_base_4bit_custom,1319,True,61.26,90.75,0.3757,0.7233,0,1
qwen3_base_fp16_custom,1319,False,62.55,93.48,0.4226,0.7953,0,1
qwen3_fft_custom,1319,False,84.15,93.63,0.7485,0.8339,0,0
qwen3_lora_custom,1319,False,86.81,95.6,0.7549,0.877,0,0
qwen3_qlora_custom,1319,False,63.53,90.98,0.4295,0.7358,0,0
