cell,n,agree_3way_pct,agree_binary_pct,kappa_3way,kappa_binary,unknown_new,unknown_ref
gemma2_base_4bit_custom,1319,61.41,94.69,0.3488,0.7816,0,0
gemma2_base_fp16_custom,1319,61.49,94.69,0.3523,0.7826,0,0
gemma2_fft_custom,1319,84.99,92.57,0.752,0.8511,0,0
gemma2_lora_custom,1319,75.28,88.78,0.6298,0.7655,0,0
gemma2_qlora_custom,1319,74.91,92.27,0.625,0.8206,0,0
llama31_base_4bit_custom,1319,81.27,85.67,0.6529,0.6995,0,0
llama31_base_fp16_custom,1319,81.43,85.44,0.6558,0.6947,0,0
llama31_fft_custom,1319,91.05,91.58,0.8223,0.8181,0,0
llama31_lora_custom,1319,86.5,90.14,0.7656,0.8027,0,0
llama31_qlora_custom,1319,82.49,89.84,0.6862,0.7907,0,1
phi4_base_4bit_custom,1319,67.17,83.93,0.3094,0.4234,0,0
phi4_base_fp16_custom,1319,66.94,84.61,0.3039,0.4393,0,1
phi4_fft_custom,1319,73.54,90.98,0.5926,0.8189,0,0
phi4_lora_custom,1319,73.54,85.44,0.604,0.6559,0,0
phi4_qlora_custom,1319,64.37,83.32,0.3971,0.5307,0,0
qwen25_14b_base_4bit_custom,1319,77.63,79.61,0.5175,0.547,0,1
qwen25_14b_base_fp16_custom,1319,77.71,79.45,0.5179,0.5439,0,0
qwen25_14b_fft_custom,1319,79.45,92.72,0.6281,0.8474,0,0
qwen25_14b_lora_custom,1319,80.59,91.43,0.681,0.8288,0,0
qwen25_14b_qlora_custom,1319,79.53,91.89,0.6662,0.8382,0,0
qwen3_base_4bit_custom,1319,63.08,93.63,0.427,0.7971,0,1
qwen3_base_fp16_custom,1319,62.55,93.48,0.4226,0.7953,0,1
qwen3_fft_custom,1319,84.15,93.63,0.7485,0.8339,0,0
qwen3_lora_custom,1319,86.81,95.6,0.7549,0.877,0,0
qwen3_qlora_custom,1319,63.53,90.98,0.4295,0.7358,0,0
