model_family,config,HarmBench,JBB,mean_HB_JBB,attack
gemma2,base_4bit,51.00,85.00,68.00,AutoDAN
gemma2,base_fp16,65.50,88.00,76.75,AutoDAN
gemma2,fft,57.75,91.00,74.38,AutoDAN
gemma2,lora,68.25,91.00,79.62,AutoDAN
gemma2,qlora,66.75,91.00,78.88,AutoDAN
llama31,base_4bit,68.75,93.00,80.88,AutoDAN
llama31,base_fp16,73.25,93.00,83.12,AutoDAN
llama31,fft,41.50,73.00,57.25,AutoDAN
llama31,lora,15.50,43.00,29.25,AutoDAN
llama31,qlora,36.75,73.00,54.88,AutoDAN
phi4,base_4bit,1.25,0.00,0.62,AutoDAN
phi4,base_fp16,1.75,0.00,0.88,AutoDAN
phi4,fft,40.00,48.00,44.00,AutoDAN
phi4,lora,0.50,0.00,0.25,AutoDAN
phi4,qlora,0.25,0.00,0.12,AutoDAN
qwen25,base_4bit,20.00,36.00,28.00,AutoDAN
qwen25,base_fp16,18.75,32.00,25.38,AutoDAN
qwen25,fft,56.00,80.00,68.00,AutoDAN
qwen25,lora,1.75,3.00,2.38,AutoDAN
qwen25,qlora,8.00,7.00,7.50,AutoDAN
qwen3,base_4bit,1.25,2.00,1.62,AutoDAN
qwen3,base_fp16,0.50,0.00,0.25,AutoDAN
qwen3,fft,0.25,0.00,0.12,AutoDAN
qwen3,lora,6.25,3.00,4.62,AutoDAN
qwen3,qlora,1.25,0.00,0.62,AutoDAN
gemma2,base_fp16,,23.00,,GCG
gemma2,lora,,37.00,,GCG
gemma2,fft,,50.00,,GCG
llama31,base_fp16,,25.00,,GCG
llama31,lora,,33.00,,GCG
llama31,fft,,50.00,,GCG
phi4,base_fp16,,10.00,,GCG
phi4,lora,,30.00,,GCG
phi4,fft,,48.00,,GCG
qwen25,base_fp16,,60.00,,GCG
qwen25,lora,,31.00,,GCG
qwen25,fft,,48.00,,GCG
qwen3,base_fp16,,12.00,,GCG
qwen3,lora,,37.00,,GCG
qwen3,fft,,35.00,,GCG
