family,attack,bench,N,n_lora,n_fft,both,expected_by_chance,jaccard,odds_ratio,fisher_p,agreement
llama31,DeepInception,jbb,100,30,32,16,9.6,0.34782608695652173,3.857142857142857,0.0045971921226272755,0.7
llama31,DeepInception,harmbench,400,88,85,44,18.7,0.34108527131782945,6.609756097560975,3.0613140052310723e-12,0.7875
llama31,ArtPrompt,jbb,100,8,10,0,0.8,0.0,0.0,1.0,0.82
llama31,ArtPrompt,harmbench,400,80,66,40,13.2,0.37735849056603776,11.307692307692308,4.098670365887948e-16,0.835
gemma2,DeepInception,jbb,100,28,25,11,7.0,0.2619047619047619,2.680672268907563,0.06956756771245357,0.69
gemma2,DeepInception,harmbench,400,79,82,29,16.195,0.2196969696969697,2.932830188679245,0.00015848300102454677,0.7425
gemma2,ArtPrompt,jbb,100,15,5,2,0.75,0.1111111111111111,4.205128205128205,0.16090619002990134,0.84
gemma2,ArtPrompt,harmbench,400,81,64,39,12.96,0.36792452830188677,10.92,1.6493109252653823e-15,0.8325
qwen3,DeepInception,jbb,100,26,34,17,8.84,0.3953488372093023,6.333333333333333,0.00019717385714435414,0.74
qwen3,DeepInception,harmbench,400,49,98,26,12.005,0.21487603305785125,4.380434782608695,3.958523023025975e-06,0.7625
qwen3,ArtPrompt,jbb,100,10,4,2,0.4,0.16666666666666666,11.0,0.048769198401009885,0.9
qwen3,ArtPrompt,harmbench,400,45,36,18,4.05,0.2857142857142857,12.481481481481481,5.988086979424455e-10,0.8875
phi4,DeepInception,jbb,100,0,1,0,0.0,0.0,nan,1.0,0.99
phi4,DeepInception,harmbench,400,8,9,4,0.18,0.3076923076923077,77.4,8.059204462132702e-06,0.9775
phi4,ArtPrompt,jbb,100,35,33,22,11.55,0.4782608695652174,8.307692307692308,5.4805188471775e-06,0.76
phi4,ArtPrompt,harmbench,400,128,132,89,42.24,0.52046783625731,12.15324985092427,5.439043294175023e-26,0.795
qwen25,DeepInception,jbb,100,38,19,15,7.22,0.35714285714285715,9.456521739130435,0.0001043536109541385,0.73
qwen25,DeepInception,harmbench,400,101,71,41,17.9275,0.31297709923664124,6.127222222222223,7.113163209343172e-11,0.775
qwen25,ArtPrompt,jbb,100,25,23,8,5.75,0.2,1.8823529411764706,0.27312855172451633,0.68
qwen25,ArtPrompt,harmbench,400,87,91,58,19.7925,0.48333333333333334,16.96969696969697,7.171805402990394e-25,0.845
