family,family_display,config,config_display,delta_asr,cohens_d,wilcoxon_p,wilcoxon_W,n_pairs,p_holm_15_tests,significant_holm
gemma2,Gemma-2,lora,LoRA,5.041667,1.754176,0.062500,0.000000,6,0.625000,False
gemma2,Gemma-2,qlora,QLoRA,10.041667,1.486873,0.031250,0.000000,6,0.468750,False
gemma2,Gemma-2,fft,FFT,6.708333,1.977284,0.031250,0.000000,6,0.468750,False
llama31,Llama-3.1,lora,LoRA,-2.708333,-0.328167,0.437500,6.000000,6,1.000000,False
llama31,Llama-3.1,qlora,QLoRA,1.625000,0.263631,0.656250,8.000000,6,1.000000,False
llama31,Llama-3.1,fft,FFT,-1.250000,-0.155915,0.875000,9.000000,6,1.000000,False
qwen3,Qwen-3,lora,LoRA,5.541667,1.493911,0.031250,0.000000,6,0.468750,False
qwen3,Qwen-3,qlora,QLoRA,4.000000,0.486055,0.531250,7.000000,6,1.000000,False
qwen3,Qwen-3,fft,FFT,5.250000,1.198924,0.062500,0.000000,6,0.625000,False
phi4,Phi-4,lora,LoRA,11.166667,1.468896,0.031250,0.000000,6,0.468750,False
phi4,Phi-4,qlora,QLoRA,1.208333,1.035979,0.125000,0.000000,6,0.875000,False
phi4,Phi-4,fft,FFT,12.083333,1.757556,0.031250,0.000000,6,0.468750,False
qwen25,Qwen-2.5,lora,LoRA,0.943333,0.149475,0.625000,5.000000,6,1.000000,False
qwen25,Qwen-2.5,qlora,QLoRA,0.100000,0.019877,0.437500,6.000000,6,1.000000,False
qwen25,Qwen-2.5,fft,FFT,-6.040000,-1.400469,0.062500,1.000000,6,0.625000,False
