contrast,n,mean,sd,ci90_lo,ci90_hi,margin,p_tost,equivalent
base4bit-basefp16,30,-0.555,3.194,-1.546,0.436,3.0,0.0001,True
base4bit-basefp16,30,-0.555,3.194,-1.546,0.436,5.0,0.0,True
base4bit-basefp16,30,-0.555,3.194,-1.546,0.436,7.5,0.0,True
lora-fft,20,1.6,6.41,-0.878,4.078,3.0,0.1705,False
lora-fft,20,1.6,6.41,-0.878,4.078,5.0,0.0142,True
lora-fft,20,1.6,6.41,-0.878,4.078,7.5,0.0003,True
qlora-fft,20,-1.225,12.482,-6.051,3.601,3.0,0.2662,False
qlora-fft,20,-1.225,12.482,-6.051,3.601,5.0,0.096,False
qlora-fft,20,-1.225,12.482,-6.051,3.601,7.5,0.0183,True
lora-qlora,20,2.825,12.863,-2.148,7.798,3.0,0.4761,False
lora-qlora,20,2.825,12.863,-2.148,7.798,5.0,0.2294,False
lora-qlora,20,2.825,12.863,-2.148,7.798,7.5,0.0603,False
