arm,dataset,epochs,equivalent,families,levene_p,mean,mean_shift_vs_canonical,n,sd,sd_canonical_matched,tost_p,variance_ratio_F,wilcoxon_p
canonical,Alpaca,1,True,all 5,,1.6,,20,6.410004515968521,,0.014201221872671536,,0.21046721277758706
dataset-isolated,Dolly,1,False,"gemma2,llama31,qwen3",0.06019282924226562,4.854166666666667,4.458333333333334,12,16.85582524520736,6.042894337128274,0.48831362858742455,7.780545362602598,0.240234375
canonical-matched-to-dataset-isolated,Alpaca,1,True,"gemma2,llama31,qwen3",,0.3958333333333333,,12,6.042894337128274,,0.011509982899103627,,
step-matched,Dolly,1 (step-matched),False,"gemma2,llama31,qwen3",0.03520005716587841,6.166666666666667,5.770833333333334,12,17.54064543921467,6.042894337128274,0.5889969944616993,8.425605850394824,0.18212890625
canonical-matched-to-step-matched,Alpaca,1,True,"gemma2,llama31,qwen3",,0.3958333333333333,,12,6.042894337128274,,0.011509982899103627,,
epochs-isolated,Alpaca,3,False,"gemma2,llama31,qwen3",0.17866965006898183,1.5625,1.1666666666666667,12,9.48630891433448,6.042894337128274,0.1176967325392223,2.4643621228427315,0.4697265625
canonical-matched-to-epochs-isolated,Alpaca,1,True,"gemma2,llama31,qwen3",,0.3958333333333333,,12,6.042894337128274,,0.011509982899103627,,
combined,Dolly,3,False,"gemma2,llama31,qwen3",0.08974643476406756,3.9583333333333335,3.5625,12,12.227406499211911,6.042894337128274,0.38670238653544187,4.094290937852521,0.27392578125
canonical-matched-to-combined,Alpaca,1,True,"gemma2,llama31,qwen3",,0.3958333333333333,,12,6.042894337128274,,0.011509982899103627,,
