family,method,verified_seed,verified_dropout,verified_optim,producing_script
llama31,lora,42,0.0,adamw_8bit,train_canonical.py
llama31,qlora,42,0.0,adamw_8bit,train_canonical.py
llama31,fft,42,n/a,adamw_8bit,train_fft_canonical.py
gemma2,lora,42,0.0,adamw_8bit,train_canonical.py
gemma2,qlora,42,0.0,adamw_8bit,train_canonical.py
gemma2,fft,42,n/a,adamw_8bit,train_fft_canonical.py
qwen3,lora,42,0.0,adamw_8bit,train_canonical.py
qwen3,qlora,42,0.0,adamw_8bit,train_canonical.py
qwen3,fft,42,n/a,adamw_8bit,train_fft_canonical.py
phi4,lora,42,0.0,adamw_8bit,train_canonical.py
phi4,qlora,42,0.0,adamw_8bit,train_canonical.py
phi4,fft,42,n/a,paged_adamw_8bit,train_fft_14b_canonical.py
qwen25,lora,42,0.0,adamw_8bit,train_canonical.py
qwen25,qlora,42,0.0,adamw_8bit,train_canonical.py
qwen25,fft,42,n/a,paged_adamw_8bit,train_fft_14b_canonical.py
llama31_mixat,lora,42,0.0,adamw_8bit,train_canonical.py
llama31_mixat,fft,42,n/a,adamw_8bit,train_fft_canonical.py
