family,method,benchmark,seed,n,jb,asr
llama31,fft,harmbench,0,400,92,23.0
llama31,fft,harmbench,1,400,81,20.25
llama31,fft,harmbench,2,400,83,20.75
llama31,fft,harmbench,3,400,93,23.25
llama31,fft,harmbench,4,400,82,20.5
llama31,fft,jbb,0,100,28,28.0
llama31,fft,jbb,1,100,29,29.0
llama31,fft,jbb,2,100,40,40.0
llama31,fft,jbb,3,100,29,29.0
llama31,fft,jbb,4,100,26,26.0
llama31,lora,harmbench,0,400,102,25.5
llama31,lora,harmbench,1,400,96,24.0
llama31,lora,harmbench,2,400,91,22.75
llama31,lora,harmbench,3,400,96,24.0
llama31,lora,harmbench,4,400,93,23.25
llama31,lora,jbb,0,100,38,38.0
llama31,lora,jbb,1,100,40,40.0
llama31,lora,jbb,2,100,43,43.0
llama31,lora,jbb,3,100,42,42.0
llama31,lora,jbb,4,100,43,43.0
qwen3,fft,harmbench,0,400,106,26.5
qwen3,fft,harmbench,1,400,118,29.5
qwen3,fft,harmbench,2,400,124,31.0
qwen3,fft,harmbench,3,400,109,27.25
qwen3,fft,harmbench,4,400,105,26.25
qwen3,fft,jbb,0,100,37,37.0
qwen3,fft,jbb,1,100,37,37.0
qwen3,fft,jbb,2,100,37,37.0
qwen3,fft,jbb,3,100,34,34.0
qwen3,fft,jbb,4,100,34,34.0
qwen3,lora,harmbench,0,400,58,14.5
qwen3,lora,harmbench,1,400,60,15.0
qwen3,lora,harmbench,2,400,62,15.5
qwen3,lora,harmbench,3,400,68,17.0
qwen3,lora,harmbench,4,400,68,17.0
qwen3,lora,jbb,0,100,29,29.0
qwen3,lora,jbb,1,100,25,25.0
qwen3,lora,jbb,2,100,26,26.0
qwen3,lora,jbb,3,100,26,26.0
qwen3,lora,jbb,4,100,28,28.0
