fam,attack,ds,nL,nF,both,either,jaccard,agree
llama31,DeepInception,jbb,30,32,16,46,0.34782608695652173,0.7
llama31,DeepInception,harmbench,88,85,44,129,0.34108527131782945,0.7875
llama31,ArtPrompt,jbb,8,10,0,18,0.0,0.82
llama31,ArtPrompt,harmbench,80,66,40,106,0.37735849056603776,0.835
gemma2,DeepInception,jbb,28,25,11,42,0.2619047619047619,0.69
gemma2,DeepInception,harmbench,79,82,29,132,0.2196969696969697,0.7425
gemma2,ArtPrompt,jbb,15,5,2,18,0.1111111111111111,0.84
gemma2,ArtPrompt,harmbench,81,64,39,106,0.36792452830188677,0.8325
qwen3,DeepInception,jbb,26,34,17,43,0.3953488372093023,0.74
qwen3,DeepInception,harmbench,49,98,26,121,0.21487603305785125,0.7625
qwen3,ArtPrompt,jbb,10,4,2,12,0.16666666666666666,0.9
qwen3,ArtPrompt,harmbench,45,36,18,63,0.2857142857142857,0.8875
phi4,DeepInception,jbb,0,1,0,1,0.0,0.99
phi4,DeepInception,harmbench,8,9,4,13,0.3076923076923077,0.9775
phi4,ArtPrompt,jbb,35,33,22,46,0.4782608695652174,0.76
phi4,ArtPrompt,harmbench,128,132,89,171,0.52046783625731,0.795
qwen25,DeepInception,jbb,38,19,15,42,0.35714285714285715,0.73
qwen25,DeepInception,harmbench,101,71,41,131,0.31297709923664124,0.775
qwen25,ArtPrompt,jbb,25,23,8,40,0.2,0.68
qwen25,ArtPrompt,harmbench,87,91,58,120,0.48333333333333334,0.845
